City,Lat,Lng,Max Temp,Humidity,Cloudiness,Wind Speed,Country,Date
hirado,33.3597,129.5531,75.2,35,0,4.61,JP,1617257768
rawson,-43.3002,-65.1023,59.16,87,100,7.2,AR,1617257769
cape town,-33.9258,18.4232,64.0,72,20,14.97,ZA,1617257553
tasiilaq,65.6145,-37.6368,26.6,54,40,4.61,GL,1617257769
mar del plata,-38.0023,-57.5575,66.0,100,96,6.31,AR,1617257736
paamiut,61.994,-49.6678,36.0,76,100,27.34,GL,1617257770
norman wells,65.282,-126.8329,10.4,92,90,2.3,CA,1617257770
albany,42.6001,-73.9662,42.01,71,100,7.0,US,1617257712
butaritari,3.0707,172.7902,82.89,78,34,15.95,KI,1617257715
luganville,-15.5333,167.1667,81.9,80,93,1.92,VU,1617257771
rikitea,-23.1203,-134.9692,78.82,73,100,18.32,PF,1617257771
huejuquilla el alto,22.6,-103.8667,65.68,35,92,9.37,MX,1617257772
kuzovatovo,53.5468,47.6866,36.48,93,100,17.65,RU,1617257772
alofi,-19.0595,-169.9187,80.6,83,4,9.22,NU,1617257773
worcester,42.3334,-71.8328,54.0,94,90,3.44,US,1617257773
port alfred,-33.5906,26.891,66.65,78,91,13.42,ZA,1617257774
omboue,-1.5746,9.2618,73.69,88,96,5.57,GA,1617257774
ribeira grande,38.5167,-28.7,59.0,77,75,9.22,PT,1617257775
berbera,10.4396,45.0143,83.32,47,92,2.33,SO,1617257775
jamestown,42.097,-79.2353,36.0,80,90,6.91,US,1617257591
alice springs,-23.7,133.8833,87.01,21,0,11.5,AU,1617257546
turan,16.0678,108.2208,87.8,70,20,8.05,VN,1617257532
sorong,-0.8833,131.25,85.41,70,10,10.69,ID,1617257776
ugoofaaru,5.6667,73.0,84.61,73,68,13.91,MV,1617257776
pandan,14.0453,124.1694,84.22,62,78,12.19,PH,1617257777
eastbourne,50.7687,0.2845,55.0,79,18,1.99,GB,1617257777
tiksi,71.6872,128.8694,-3.48,96,100,10.76,RU,1617257778
mahebourg,-20.4081,57.7,82.4,83,75,9.22,MU,1617257778
nahrin,36.0649,69.1334,49.86,51,6,5.03,AF,1617257779
petrove,48.3247,33.2562,48.2,61,0,3.76,UA,1617257779
udachnyy,66.4167,112.4,-6.11,80,100,11.56,RU,1617257779
maceio,-9.6658,-35.7353,75.2,94,0,3.44,BR,1617257780
punta arenas,-53.15,-70.9167,44.6,87,0,3.44,CL,1617257650
linxia,35.6003,103.2064,41.04,75,100,4.56,CN,1617257780
wajid,3.8093,43.2471,84.33,50,26,9.93,SO,1617257781
faanui,-16.4833,-151.75,82.9,68,100,4.94,PF,1617257781
bethel,41.3712,-73.414,54.0,82,90,10.36,US,1617257782
fiche,9.8,38.7333,61.79,28,70,6.44,ET,1617257782
turukhansk,65.8167,87.9833,8.01,75,90,9.62,RU,1617257782
saint-philippe,-21.3585,55.7679,78.8,73,75,10.36,RE,1617257783
fortuna,40.5982,-124.1573,50.0,62,1,6.91,US,1617257783
kirakira,-10.4544,161.9205,82.78,75,90,6.4,SB,1617257784
hermanus,-34.4187,19.2345,59.0,94,91,7.2,ZA,1617257784
kulhudhuffushi,6.6221,73.07,84.96,70,6,11.97,MV,1617257785
kapaa,22.0752,-159.319,73.4,78,75,20.71,US,1617257652
gogrial,8.5332,28.1004,87.85,31,61,2.15,SS,1617257786
victoria,22.2855,114.1577,84.2,61,40,11.5,HK,1617257786
atuona,-9.8,-139.0333,80.74,74,79,13.87,PF,1617257786
ushuaia,-54.8,-68.3,39.2,75,0,7.52,AR,1617257599
vaini,-21.2,-175.2,80.6,83,75,5.75,TO,1617257787
codrington,-38.2667,141.9667,75.78,40,89,13.13,AU,1617257788
atikokan,48.7555,-91.6216,14.97,78,22,0.34,CA,1617257788
chokurdakh,70.6333,147.9167,6.08,90,64,6.35,RU,1617257789
ancud,-41.8697,-73.8203,52.0,100,90,5.75,CL,1617257648
hilo,19.7297,-155.09,66.99,81,90,3.56,US,1617257666
bredasdorp,-34.5322,20.0403,60.8,77,99,3.44,ZA,1617257789
pocatello,42.8713,-112.4455,39.0,44,1,5.75,US,1617257728
kingaroy,-26.5333,151.8333,71.6,56,75,10.36,AU,1617257790
santo domingo,18.5001,-69.9886,73.99,94,20,4.61,DO,1617257765
puerto baquerizo moreno,-0.9,-89.6,77.13,83,67,4.18,EC,1617257791
lazaro cardenas,17.9583,-102.2,74.3,58,45,4.0,MX,1617257791
viareggio,43.8735,10.2558,55.0,100,75,3.44,IT,1617257792
hobart,-42.8794,147.3294,77.0,25,100,14.97,AU,1617257765
carnarvon,-24.8667,113.6333,95.0,38,0,18.41,AU,1617257792
tuktoyaktuk,69.4541,-133.0374,-16.6,76,20,20.71,CA,1617257793
ostersund,63.1792,14.6357,34.0,86,75,10.36,SE,1617257793
mount gambier,-37.8333,140.7667,86.0,19,72,17.27,AU,1617257794
lebu,-37.6167,-73.65,56.08,90,51,13.06,CL,1617257794
san policarpo,12.1791,125.5072,82.56,67,100,11.63,PH,1617257795
jeremoabo,-10.075,-38.4808,70.38,98,99,3.04,BR,1617257795
luderitz,-26.6481,15.1594,69.19,56,0,10.29,NA,1617257795
mataura,-46.1927,168.8643,55.99,79,100,1.99,NZ,1617257796
souillac,-20.5167,57.5167,82.4,83,75,9.22,MU,1617257796
port elizabeth,-33.918,25.5701,64.4,77,0,12.66,ZA,1617257797
alghero,40.5589,8.3181,42.8,100,0,1.14,IT,1617257797
rabaul,-4.1967,152.1721,84.42,68,37,9.33,PG,1617257797
saldanha,-33.0117,17.9442,57.2,88,49,6.91,ZA,1617257798
salalah,17.0151,54.0924,91.4,29,0,3.44,OM,1617257798
new norfolk,-42.7826,147.0587,77.0,32,99,10.0,AU,1617257799
tautira,-17.7333,-149.15,82.4,74,40,5.75,PF,1617257799
pevek,69.7008,170.3133,-1.68,89,100,3.51,RU,1617257800
bluff,-46.6,168.3333,55.99,79,100,1.99,NZ,1617257800
nouadhibou,20.931,-17.0347,62.6,88,0,14.97,MR,1617257800
east london,-33.0153,27.9116,66.2,82,20,6.91,ZA,1617257801
busselton,-33.65,115.3333,80.28,49,100,4.63,AU,1617257801
kamenka,51.3223,42.7678,41.0,82,85,1.01,RU,1617257802
puerto quijarro,-17.7833,-57.7667,77.97,63,61,2.77,BO,1617257802
alekseyevsk,57.8406,108.3492,23.4,71,88,12.95,RU,1617257803
port hedland,-20.3167,118.5667,95.0,41,0,20.71,AU,1617257803
ponta do sol,32.6667,-17.1,59.0,76,24,1.01,PT,1617257804
taoudenni,22.6783,-3.9836,76.84,9,15,10.07,ML,1617257804
marsaxlokk,35.8419,14.5431,59.0,87,1,2.3,MT,1617257805
kaniama,-7.5667,24.1833,68.85,90,59,2.93,CD,1617257805
chuy,-33.6971,-53.4616,63.79,73,98,6.46,UY,1617257806
shahrud,36.4182,54.9763,56.21,33,56,3.69,IR,1617257806
bonito,-21.1211,-56.4819,66.85,64,92,3.18,BR,1617257807
manolas,38.05,21.35,51.8,71,0,2.73,GR,1617257807
yellowknife,62.456,-114.3525,12.2,73,75,13.8,CA,1617257808
morehead,37.2711,-87.1764,39.2,28,1,10.36,US,1617257808
geraldton,-28.7667,114.6,98.6,20,0,13.8,AU,1617257809
mmabatho,-25.85,25.6333,62.6,82,0,3.44,ZA,1617257809
agirish,61.9247,63.0231,35.29,77,63,9.46,RU,1617257810
airai,-8.9266,125.4092,63.93,92,100,1.61,TL,1617257810
khatanga,71.9667,102.5,-15.74,89,19,2.13,RU,1617257810
san quintin,30.4833,-115.95,63.0,53,12,2.57,MX,1617257811
yerbogachen,61.2767,108.0108,10.38,70,100,12.48,RU,1617257530
garowe,8.4054,48.4845,79.48,29,54,2.71,SO,1617257811
calvinia,-31.4707,19.776,53.6,82,0,4.61,ZA,1617257812
port-gentil,-0.7193,8.7815,77.0,94,20,3.44,GA,1617257654
naze,28.3667,129.4833,69.8,94,75,19.57,JP,1617257813
bengkulu,-3.8004,102.2655,77.05,88,100,11.99,ID,1617257813
saint-augustin,51.226,-58.6502,31.03,93,100,6.55,CA,1617257814
praya,14.9215,-23.5087,68.0,73,75,17.27,CV,1617257726
saskylakh,71.9167,114.0833,-16.87,94,98,11.36,RU,1617257814
ahipara,-35.1667,173.1667,63.86,77,21,6.55,NZ,1617257815
gander,48.9682,-54.5906,26.6,59,75,9.22,CA,1617257815
barabai,-2.5833,115.3833,86.04,76,61,2.3,ID,1617257815
namatanai,-3.6667,152.4333,84.27,68,33,5.91,PG,1617257816
hirara,24.8,125.2833,80.6,83,75,12.66,JP,1617257816
kondinskoye,59.6481,67.41,32.63,92,100,13.49,RU,1617257817
asau,46.4333,26.4,48.99,45,91,1.81,RO,1617257817
iralaya,15.0,-83.2333,78.67,81,5,12.95,HN,1617257818
nizhnyaya omka,55.4338,74.9426,23.61,82,40,14.67,RU,1617257818
vila franca do campo,37.7167,-25.4333,57.2,88,40,4.61,PT,1617257818
tocopilla,-22.092,-70.1979,66.65,76,37,4.74,CL,1617257819
vila velha,-20.3297,-40.2925,69.8,94,90,2.3,BR,1617257819
vlasotince,42.9636,22.1231,46.4,61,0,1.14,RS,1617257820
baykit,61.67,96.37,14.68,70,91,3.78,RU,1617257820
deputatskiy,69.3,139.9,6.04,87,98,3.18,RU,1617257535
puerto ayora,-0.7393,-90.3518,73.99,95,16,2.75,EC,1617257821
kavieng,-2.5744,150.7967,83.75,69,36,2.89,PG,1617257821
tateyama,34.9833,139.8667,66.2,72,40,12.66,JP,1617257822
kudahuvadhoo,2.6708,72.8944,84.02,72,94,19.24,MV,1617257822
katsuura,35.1333,140.3,70.0,63,40,5.75,JP,1617257822
port hardy,50.6996,-127.4199,44.6,75,75,11.5,CA,1617257823
iqaluit,63.7506,-68.5145,-7.01,77,75,33.38,CA,1617257823
haines junction,60.7522,-137.5108,26.6,59,100,3.44,CA,1617257824
noumea,-22.2763,166.4572,78.8,61,0,13.8,NC,1617257824
isangel,-19.55,169.2667,80.6,83,90,11.07,VU,1617257825
shingu,33.7333,135.9833,69.8,46,75,6.91,JP,1617257825
quatre cocos,-20.2078,57.7625,84.99,83,75,9.22,MU,1617257825
turayf,31.6725,38.6637,55.4,54,0,9.22,SA,1617257683
sabang,5.8933,95.3214,82.4,70,100,25.37,ID,1617257826
tevriz,57.509,72.4042,31.75,82,100,11.34,RU,1617257827
hithadhoo,-0.6,73.0833,84.07,77,84,21.36,MV,1617257827
lufilufi,-13.8745,-171.5986,77.0,100,90,6.91,WS,1617257828
aksu,41.1231,80.2644,44.96,64,100,15.99,CN,1617257828
bull savanna,17.8868,-77.5902,73.02,83,3,5.99,JM,1617257829
sao joao da barra,-21.6403,-41.0511,70.14,91,22,7.09,BR,1617257829
tazovskiy,67.4667,78.7,-7.8,83,63,16.15,RU,1617257830
kukmor,56.1855,50.8944,34.09,98,100,16.46,RU,1617257830
huadian,42.9633,126.7478,64.33,23,100,6.96,CN,1617257830
ilulissat,69.2167,-51.1,21.2,68,75,17.27,GL,1617257831
roald,62.5833,6.1333,37.4,81,75,4.61,NO,1617257831
avarua,-21.2078,-159.775,78.8,73,12,5.75,CK,1617257832
port hueneme,34.1478,-119.1951,62.01,87,1,5.75,US,1617257832
kulykiv,50.3142,24.8176,48.0,90,73,1.99,UA,1617257833
sangar,63.9242,127.4739,25.27,76,100,1.63,RU,1617257833
hami,42.8,93.45,53.06,23,3,0.76,CN,1617257834
acapulco,16.8634,-99.8901,79.39,60,34,3.74,MX,1617257632
sirsa,29.5333,75.0167,90.7,4,0,12.24,IN,1617257834
vanavara,60.34,102.2797,13.84,68,86,7.96,RU,1617257835
esperance,-33.8667,121.9,80.6,54,32,10.36,AU,1617257835
ulaangom,49.9811,92.0667,34.43,37,11,7.0,MN,1617257836
leh,34.1667,77.5833,33.39,33,31,5.75,IN,1617257816
castro,-24.7911,-50.0119,49.24,82,2,2.39,BR,1617257836
upernavik,72.7868,-56.1549,9.27,67,100,8.21,GL,1617257633
guerrero negro,27.9769,-114.0611,64.24,56,40,7.61,MX,1617257837
ternate,0.8,127.4,85.59,69,93,10.42,ID,1617257837
akdagmadeni,39.6603,35.8836,39.36,87,100,2.28,TR,1617257838
cabo san lucas,22.8909,-109.9124,73.0,41,100,5.01,MX,1617257775
biltine,14.5333,20.9167,75.0,14,4,12.1,TD,1617257838
ixtapa,20.7,-105.2,70.0,68,1,3.6,MX,1617257839
georgetown,5.4112,100.3354,91.0,66,40,6.91,MY,1617257728
hot springs,34.5037,-93.0552,44.01,65,1,4.07,US,1617257543
kalmunai,7.4167,81.8167,87.89,63,23,6.73,LK,1617257840
bure,10.7,37.0667,71.17,42,89,4.85,ET,1617257841
eydhafushi,5.1033,73.0708,84.61,73,75,11.99,MV,1617257841
makubetsu,45.3714,141.8211,41.0,81,75,11.5,JP,1617257834
itaituba,-4.2761,-55.9836,73.09,99,100,2.35,BR,1617257842
aripuana,-9.1667,-60.6333,71.06,99,98,1.63,BR,1617257842
ostrovnoy,68.0531,39.5131,31.96,98,100,13.2,RU,1617257842
srednekolymsk,67.45,153.6833,11.64,82,69,7.34,RU,1617257843
sakaraha,-22.9,44.5333,74.95,57,0,3.87,MG,1617257843
samarai,-10.6167,150.6667,85.05,70,71,12.71,PG,1617257844
ippy,6.2679,21.2247,77.56,40,71,2.75,CF,1617257844
westport,41.1415,-73.3579,55.99,94,90,3.44,US,1617257845
zabol,32.25,67.25,58.01,17,0,18.66,AF,1617257845
tezu,27.9167,96.1667,90.09,27,85,4.54,IN,1617257846
beringovskiy,63.05,179.3167,5.77,91,51,6.17,RU,1617257846
asyut,27.181,31.1837,50.0,66,0,9.22,EG,1617257847
qaqortoq,60.7167,-46.0333,32.0,69,75,1.14,GL,1617257847
barrow,71.2906,-156.7887,-7.6,64,1,16.11,US,1617257581
bayir,37.2687,28.2167,46.4,93,75,6.91,TR,1617257848
nikolskoye,59.7035,30.7861,39.0,87,0,11.18,RU,1617257849
los llanos de aridane,28.6585,-17.9182,62.6,63,0,4.61,ES,1617257849
lianzhou,24.7811,112.3825,87.46,54,61,8.81,CN,1617257849
issoudun,47.0,1.8333,48.0,87,0,3.44,FR,1617257850
qaanaaq,77.484,-69.3632,-10.01,67,65,8.19,GL,1617257850
lambarene,-0.7001,10.2406,73.09,91,100,2.59,GA,1617257851
watertown,42.3709,-71.1828,57.0,100,90,5.75,US,1617257772
cukai,4.25,103.4167,87.01,89,40,5.75,MY,1617257851
saint george,37.1041,-113.5841,55.99,15,1,3.78,US,1617257852
kinchil,20.9167,-89.95,79.0,69,20,8.05,MX,1617257852
aklavik,68.2191,-135.0107,-4.0,77,100,9.22,CA,1617257853
pangnirtung,66.1451,-65.7125,4.98,98,100,2.55,CA,1617257853
puerto escondido,15.85,-97.0667,80.67,60,3,3.78,MX,1617257853
sinop,41.7711,34.8709,44.6,100,75,3.44,TR,1617257854
misratah,32.3754,15.0925,60.12,63,0,3.56,LY,1617257854
san cristobal,7.7669,-72.225,66.67,84,99,2.66,VE,1617257855
makakilo city,21.3469,-158.0858,75.2,73,20,5.75,US,1617257855
hasaki,35.7333,140.8333,70.0,59,20,11.5,JP,1617257856
whitehorse,60.7161,-135.0538,24.8,63,40,12.66,CA,1617257856
petropavlovsk-kamchatskiy,53.0452,158.6483,37.4,100,90,11.18,RU,1617257857
calabar,4.9517,8.322,79.75,83,84,2.48,NG,1617257857
russell,32.3502,-85.1999,50.0,76,90,12.66,US,1617257717
liverpool,53.4106,-2.9779,48.2,87,90,13.8,GB,1617257584
ossora,59.2353,163.0719,30.38,91,100,4.56,RU,1617257858
cherskiy,68.75,161.3,5.86,89,100,5.64,RU,1617257858
hofn,64.2539,-15.2082,42.42,65,3,10.0,IS,1617257859
leningradskiy,69.3833,178.4167,-4.38,94,100,3.71,RU,1617257859
mirnyy,62.5353,113.9611,14.05,86,100,8.79,RU,1617257860
tshela,-4.9833,12.9333,69.89,97,100,2.86,CD,1617257860
clyde river,70.4692,-68.5914,-11.2,70,75,17.27,CA,1617257860
vardo,70.3705,31.1107,33.57,90,96,15.23,NO,1617257861
olafsvik,64.8945,-23.7142,40.71,90,100,19.39,IS,1617257861
lavrentiya,65.5833,-171.0,-6.9,88,20,6.49,RU,1617257862
mayo,38.8876,-76.5119,50.0,81,90,18.41,US,1617257838
canaries,28.0,-15.5,64.4,82,20,5.75,ES,1617257862
valparaiso,-33.0393,-71.6273,55.4,94,90,2.3,CL,1617257863
bilma,18.6853,12.9164,65.71,12,0,14.27,NE,1617257863
nuuk,64.1835,-51.7216,32.0,86,75,54.09,GL,1617257864
dickinson,29.4608,-95.0513,59.0,33,75,18.41,US,1617257864
satipo,-11.2522,-74.6386,69.15,96,77,1.68,PE,1617257864
littleton,39.6133,-105.0166,37.99,38,1,13.8,US,1617257865
santa fe,-31.6333,-60.7,64.0,79,0,1.01,AR,1617257865
fenoarivo,-18.933,47.4354,69.8,73,40,10.36,MG,1617257866
dikson,73.5069,80.5464,-2.69,67,100,8.79,RU,1617257866
carauari,-4.8828,-66.8958,70.05,98,85,0.22,BR,1617257867
temiscaming,46.7212,-79.0971,24.8,63,100,9.22,CA,1617257867
yulara,-25.2406,130.9889,86.0,13,0,14.97,AU,1617257868
zhigansk,66.7697,123.3711,13.53,85,100,9.1,RU,1617257868
lagunas,-5.2269,-75.6753,71.49,98,88,1.95,PE,1617257869
plettenberg bay,-34.0527,23.3716,61.66,89,100,4.54,ZA,1617257869
constitucion,-35.3333,-72.4167,55.06,84,89,3.96,CL,1617257756
abu samrah,35.3029,37.1841,54.77,53,21,19.64,SY,1617257870
dong xoai,11.5333,106.9167,102.31,28,51,5.21,VN,1617257642
kuvshinovo,57.0295,34.1725,37.08,98,100,1.03,RU,1617257871
ban nahin,18.2418,104.2122,98.01,45,6,6.22,LA,1617257871
thompson,55.7435,-97.8558,19.4,63,75,4.61,CA,1617257872
elk plain,47.0532,-122.3976,46.0,81,1,1.66,US,1617257872
port blair,11.6667,92.75,77.05,85,100,5.95,IN,1617257872
marsh harbour,26.5412,-77.0636,75.25,79,80,10.11,BS,1617257873
gao,16.6362,1.637,70.86,9,0,11.92,ML,1617257873
fougamou,-1.2154,10.5838,71.96,98,100,2.64,GA,1617257874
mackay,-21.15,149.2,82.4,57,24,25.32,AU,1617257722
ahuimanu,21.4447,-157.8378,75.2,83,1,12.66,US,1617257875
moron,-34.6534,-58.6198,66.99,91,4,4.23,AR,1617257842
novita,4.9551,-76.6053,74.46,97,100,2.48,CO,1617257875
kaputa,-8.4689,29.6619,68.4,90,68,2.37,ZM,1617257876
katangli,51.7102,143.2326,34.16,88,26,8.05,RU,1617257876
provideniya,64.3833,-173.3,8.6,66,0,2.24,RU,1617257876
mabaruma,8.2,-59.7833,70.45,94,51,2.28,GY,1617257877
piranshahr,36.701,45.1413,57.06,41,36,4.54,IR,1617257878
seoul,37.5683,126.9778,73.4,16,0,13.8,KR,1617257329
surt,31.2089,16.5887,60.04,65,1,7.49,LY,1617257878
disa,24.25,72.1667,100.63,2,0,8.57,IN,1617257879
bambous virieux,-20.3428,57.7575,84.99,83,75,9.22,MU,1617257879
namibe,-15.1961,12.1522,74.05,85,45,3.58,AO,1617257880
muros,42.7762,-9.0603,60.01,83,100,8.99,ES,1617257880
talnakh,69.4865,88.3972,-5.17,82,12,7.14,RU,1617257880
mongo,12.1844,18.693,74.8,11,50,7.2,TD,1617257881
te anau,-45.4167,167.7167,61.11,55,100,4.5,NZ,1617257881
mogadishu,2.0371,45.3438,84.2,70,75,8.05,SO,1617257882
anzio,41.4853,12.6179,54.0,82,0,1.14,IT,1617257882
boguchany,58.3814,97.4531,19.67,67,83,7.76,RU,1617257882
jilavele,44.7667,26.5333,45.0,70,0,3.44,RO,1617257883
chase,50.8165,-119.6857,53.6,35,100,3.44,CA,1617257883
beloha,-25.1667,45.05,76.98,58,0,12.97,MG,1617257883
willmar,45.1219,-95.0433,24.01,73,1,4.09,US,1617257884
abha,18.2164,42.5053,73.4,21,0,13.8,SA,1617257609
solnechnyy,50.7214,136.6319,44.02,60,55,5.55,RU,1617257885
wanaka,-44.7,169.15,57.99,64,83,2.77,NZ,1617257595
moose factory,51.2585,-80.6094,3.2,78,1,3.44,CA,1617257885
madang,-5.2246,145.7966,85.3,67,61,7.18,PG,1617257886
yelizovo,53.1873,158.3805,37.4,100,90,11.18,RU,1617257888
cheremkhovo,53.1561,103.0675,27.1,71,100,9.13,RU,1617257888
mantua,45.1667,10.7833,51.01,76,4,1.14,IT,1617257889
alpena,45.0617,-83.4327,21.99,63,1,4.61,US,1617257822
abengourou,6.7297,-3.4964,71.62,99,82,2.04,CI,1617257890
tilichiki,60.4667,166.1,29.17,91,100,2.86,RU,1617257890
ewa beach,21.3156,-158.0072,75.2,73,20,5.75,US,1617257698
sao filipe,14.8961,-24.4956,71.17,73,22,12.3,CV,1617257891
uige,-7.6087,15.0613,67.14,99,100,1.63,AO,1617257891
saint-georges,12.0564,-61.7485,77.25,77,61,15.48,GD,1617257892
beira,-19.8436,34.8389,75.2,88,20,5.75,MZ,1617257892
mahanoro,-19.9,48.8,75.31,85,95,3.98,MG,1617257893
lompoc,34.6391,-120.4579,55.4,76,0,6.91,US,1617257893
kerrville,30.0474,-99.1403,53.01,43,1,15.35,US,1617257628
gorontalo,0.5412,123.0595,85.77,74,99,3.38,ID,1617257831
plouzane,48.3833,-4.6167,55.4,71,0,5.75,FR,1617257894
fort nelson,58.8053,-122.7002,37.4,44,90,4.61,CA,1617257716
pontalina,-17.525,-49.4472,67.08,83,30,0.34,BR,1617257895
sinnamary,5.3833,-52.95,76.03,87,86,9.89,GF,1617257896
umm lajj,25.0213,37.2685,72.12,33,0,13.96,SA,1617257896
adzope,6.1069,-3.8619,72.99,98,72,2.19,CI,1617257896
giyani,-23.3025,30.7187,73.87,55,9,3.51,ZA,1617257897
salisbury,51.0693,-1.7957,50.0,87,20,14.97,GB,1617257897
saint anthony,45.0205,-93.218,26.01,46,1,4.61,US,1617257898
narsaq,60.9167,-46.05,32.0,69,75,1.14,GL,1617257898
caravelas,-17.7125,-39.2481,74.21,95,82,5.61,BR,1617257899
hobyo,5.3505,48.5268,83.37,63,73,6.33,SO,1617257899
matagami,49.7502,-77.6328,6.8,78,90,11.5,CA,1617257900
lorengau,-2.0226,147.2712,83.55,73,75,2.55,PG,1617257901
taldan,53.6667,124.8,37.76,60,11,5.97,RU,1617257901
diffa,13.3154,12.6113,68.38,25,9,8.3,NE,1617257901
baturaja,-4.1333,104.1667,82.49,76,100,2.17,ID,1617257902
estancia,-11.2683,-37.4383,78.8,83,20,6.91,BR,1617257834
cidreira,-30.1811,-50.2056,67.93,76,54,10.6,BR,1617257902
manzhouli,49.6,117.4333,50.13,34,100,7.31,CN,1617257881
neka,36.6508,53.299,50.0,100,90,2.3,IR,1617257903
sabirabad,40.0095,48.4752,55.4,76,40,4.61,AZ,1617257903
wanning,18.8003,110.3967,84.85,66,11,14.63,CN,1617257904
grand forks,47.9417,-97.4337,21.99,73,1,6.91,US,1617257905
pemba,-12.974,40.5178,78.8,78,40,11.5,MZ,1617257905
nishihara,26.1842,127.7558,80.6,78,75,8.05,JP,1617257906
giubiasco,46.1725,9.0079,53.01,81,0,5.66,CH,1617257906
erenhot,43.6475,111.9767,38.64,93,100,11.92,CN,1617257907
bay roberts,47.5999,-53.2648,25.0,87,9,3.33,CA,1617257907
gumdag,39.2061,54.5906,56.44,32,91,26.26,TM,1617257833
arraial do cabo,-22.9661,-42.0278,74.26,74,18,19.24,BR,1617257908
yumen,40.2833,97.2,43.27,39,100,5.03,CN,1617257908
toropets,56.4978,31.6353,42.4,94,100,5.77,RU,1617257909
xinmin,41.9908,122.8253,73.4,16,100,4.47,CN,1617257769
itamaraca,-7.7478,-34.8256,78.8,78,40,4.61,BR,1617257910
koslan,63.4564,48.8989,33.12,97,100,8.9,RU,1617257910
pundaguitan,6.3711,126.1689,82.63,76,84,13.29,PH,1617257911
alibag,18.6411,72.8792,89.6,62,20,8.05,IN,1617257911
comodoro rivadavia,-45.8667,-67.5,53.6,94,75,3.44,AR,1617257911
stornoway,58.2093,-6.3865,41.0,65,75,8.05,GB,1617257912
marathon,44.9,-89.7668,21.2,53,1,4.61,US,1617257912
broken hill,-31.95,141.4333,86.0,19,0,6.91,AU,1617257913
poum,-20.2333,164.0167,77.72,77,100,13.82,NC,1617257913
mehamn,71.0357,27.8492,33.26,95,100,7.65,NO,1617257914
port keats,-14.25,129.55,81.01,62,100,11.14,AU,1617257915
amalapuram,16.5833,82.0167,91.4,52,27,6.91,IN,1617257915
zarubino,42.63,131.0922,47.35,60,19,5.39,RU,1617257916
byron bay,-28.65,153.6167,71.6,78,90,14.97,AU,1617257916
constantine,36.365,6.6147,44.6,76,0,2.3,DZ,1617257917
akyab,20.15,92.9,84.97,68,98,10.74,MM,1617257917
brae,60.3964,-1.353,37.4,65,75,3.44,GB,1617257918
ihosy,-22.4,46.1167,70.86,71,59,9.1,MG,1617257919
sao lourenco do sul,-31.3653,-51.9783,62.49,85,9,6.55,BR,1617257919
trairi,-3.2778,-39.2689,75.45,93,99,6.64,BR,1617257920
el paraiso,13.8667,-86.55,64.4,96,10,4.09,HN,1617257920
holbeach,52.804,0.0144,44.01,81,77,10.0,GB,1617257921
mezen,65.8522,44.24,31.73,91,100,3.02,RU,1617257921
kinsale,51.7075,-8.5306,46.99,93,20,6.91,IE,1617257922
derzhavinsk,51.1,66.3167,20.75,89,74,11.21,KZ,1617257922
meaux,48.9167,3.0,51.8,66,0,2.3,FR,1617257923
usinsk,65.9939,57.5281,31.46,99,100,13.65,RU,1617257923
kruisfontein,-34.0033,24.7314,64.99,77,100,1.99,ZA,1617257832
san patricio,28.017,-97.5169,69.8,52,90,23.02,US,1617257924
puerto ayacucho,5.6639,-67.6236,74.8,90,97,4.34,VE,1617257924
san blas,21.5167,-105.2667,68.07,62,99,2.55,MX,1617257925
redlands,34.0556,-117.1825,62.6,19,1,3.44,US,1617257850
dharchula,29.85,80.5333,77.38,11,12,8.59,IN,1617257926
kodiak,57.79,-152.4072,28.4,50,20,21.85,US,1617257926
pavilosta,56.8879,21.1859,35.6,93,90,11.5,LV,1617257927
keti bandar,24.1447,67.4497,92.89,16,0,9.19,PK,1617257927
coquimbo,-29.9533,-71.3436,53.6,94,0,4.61,CL,1617257928
bathsheba,13.2167,-59.5167,77.0,65,40,21.85,BB,1617257928
kahului,20.8947,-156.47,73.4,88,1,12.66,US,1617257928
ulladulla,-35.35,150.4667,75.2,53,20,9.22,AU,1617257929
ust-kuyga,70.0167,135.6,12.09,82,100,4.41,RU,1617257930
yanam,16.7333,82.2167,91.4,52,39,6.91,IN,1617257930
meulaboh,4.1363,96.1285,76.96,84,100,7.36,ID,1617257931
greenwood,34.1668,-82.1165,54.0,94,90,5.75,US,1617257735
dulce nombre de culmi,15.1,-85.5333,66.29,98,17,1.88,HN,1617257931
grindavik,63.8424,-22.4338,41.0,87,90,20.71,IS,1617257932
kawalu,-7.3817,108.2082,82.2,76,87,4.47,ID,1617257933
hamilton,39.1834,-84.5333,37.0,48,20,14.97,US,1617257877
eyl,7.9803,49.8164,82.38,47,45,8.37,SO,1617257933
ust-kulom,61.6864,53.6902,33.64,93,100,4.65,RU,1617257934
alyangula,-13.8483,136.4192,85.64,64,75,16.53,AU,1617257934
sitka,57.0531,-135.33,35.6,93,90,6.93,US,1617257935
suntar,62.1444,117.6319,28.06,77,100,4.61,RU,1617257935
grand-santi,4.25,-54.3833,69.76,99,74,2.1,GF,1617257936
el alto,-4.2714,-81.2147,70.7,74,20,11.32,PE,1617257936
alta floresta,-9.8756,-56.0861,69.89,98,97,2.57,BR,1617257936
prince rupert,54.3161,-130.3201,37.4,87,90,12.66,CA,1617257716
sembabule,-0.0772,31.4567,67.96,80,99,4.29,UG,1617257937
kosh-agach,50.0,88.6667,20.25,55,78,0.96,RU,1617257938
quelimane,-17.8786,36.8883,75.2,94,20,1.41,MZ,1617257938
limbang,4.75,115.0,89.6,70,75,8.05,MY,1617257939
oeiras do para,-2.0031,-49.8544,72.61,98,95,2.19,BR,1617257939
anadyr,64.75,177.4833,6.8,78,20,8.95,RU,1617257940
chapais,49.7834,-74.8492,8.6,78,90,10.36,CA,1617257940
bambanglipuro,-7.95,110.2833,84.15,75,83,7.56,ID,1617257941
mgandu,-5.95,34.1333,61.9,94,67,8.84,TZ,1617257941
batemans bay,-35.7167,150.1833,73.0,72,6,7.0,AU,1617257942
nome,64.5011,-165.4064,1.4,60,1,9.22,US,1617257942
mocuba,-16.8392,36.9856,72.5,76,30,2.06,MZ,1617257943
boende,-0.2167,20.8667,71.17,96,61,2.48,CD,1617257943
praia da vitoria,38.7333,-27.0667,57.2,82,20,3.62,PT,1617257944
darhan,49.4867,105.9228,42.6,27,100,15.95,MN,1617257944
ejido,8.5514,-71.2375,65.7,84,87,6.76,VE,1617257945
esil,51.9556,66.4042,22.06,89,93,13.09,KZ,1617257945
bad hofgastein,47.1667,13.1,45.0,81,31,1.34,AT,1617257946
necochea,-38.5473,-58.7368,52.0,94,98,1.99,AR,1617257946
adrar,20.5022,-10.0711,76.14,9,100,3.53,MR,1617257947
fare,-16.7,-151.0167,82.69,70,93,6.38,PF,1617257947
mount pleasant,32.7941,-79.8626,64.99,100,1,9.22,US,1617257948
bodden town,19.2833,-81.25,78.01,1,0,1.99,KY,1617257948
kapoeta,4.7717,33.5903,87.76,38,58,12.48,SS,1617257949
dwarka,22.2394,68.9678,85.05,53,0,10.2,IN,1617257949
torbay,47.6666,-52.7314,26.01,80,1,11.5,CA,1617257950
waverly,42.7392,-84.6208,28.4,64,1,8.05,US,1617257950
komsomolskiy,40.4272,71.7189,42.8,52,20,32.21,UZ,1617257950
yenagoa,4.9247,6.2642,78.39,84,59,3.42,NG,1617257951
harper,4.375,-7.7169,78.13,89,68,4.74,LR,1617257952
longyearbyen,78.2186,15.6401,28.4,74,75,17.27,SJ,1617257952
dawei,14.0833,98.2,91.0,54,52,10.36,MM,1617257953
tiznit,29.5833,-9.5,57.07,60,0,1.66,MA,1617257953
zacualpan,21.25,-105.1667,70.0,68,1,4.54,MX,1617257954
bairiki,1.3292,172.9752,84.2,79,20,8.05,KI,1617257954
rio gallegos,-51.6226,-69.2181,48.2,87,40,16.11,AR,1617257955
atlantic city,39.3643,-74.4229,57.2,100,90,6.91,US,1617257823
gallup,35.5281,-108.7426,28.4,24,1,3.44,US,1617257730
burgeo,47.6167,-57.6152,33.21,92,92,9.95,CA,1617257956
joshimath,30.5667,79.5667,63.93,19,0,8.52,IN,1617257956
talakan,50.3167,130.3667,48.81,56,94,8.28,RU,1617257957
capitan bado,-23.2667,-55.5333,60.1,71,64,4.38,PY,1617257957
meiganga,6.5167,14.3,65.61,27,46,4.16,CM,1617257957
codajas,-3.8367,-62.0569,72.79,99,100,2.21,BR,1617257958
balikpapan,-1.2675,116.8289,82.69,73,73,6.67,ID,1617257959
marawi,7.9986,124.2928,76.05,90,100,4.63,PH,1617257959
tres arroyos,-38.3739,-60.2798,54.12,75,92,7.0,AR,1617257960
parbatipur,25.6649,88.9247,93.81,35,46,8.75,BD,1617257960
bay saint louis,30.3088,-89.33,53.6,47,75,17.27,US,1617257961
bac lieu,9.285,105.7244,89.69,47,98,11.92,VN,1617257961
vao,-22.6667,167.4833,73.81,82,100,13.73,NC,1617257961
port-cartier,50.0334,-66.8654,36.0,93,90,3.44,CA,1617257962
leshukonskoye,64.8989,45.7622,33.48,99,98,5.26,RU,1617257962
vilhena,-12.7406,-60.1458,67.71,95,100,0.54,BR,1617257963
nanortalik,60.1432,-45.2371,34.14,91,90,11.39,GL,1617257963
barbatesti,45.1833,24.1167,50.0,71,90,3.44,RO,1617257964
bam,29.106,58.357,76.24,8,0,5.26,IR,1617257964
lagoa,39.05,-27.9833,57.13,68,0,7.7,PT,1617257965
padang,-0.9492,100.3543,86.0,62,75,3.44,ID,1617257965
sao jose da coroa grande,-8.8978,-35.1478,77.41,86,89,6.17,BR,1617257966
sinazongwe,-17.2614,27.4618,72.03,70,7,3.2,ZM,1617257966
makaleng,-20.9,27.2833,59.0,88,0,1.14,BW,1617257967
innisfail,-17.5333,146.0333,76.41,79,81,15.28,AU,1617257716
pulandian,39.3953,121.9669,60.8,31,0,11.18,CN,1617257967
durango,24.8333,-104.8333,57.9,59,100,3.74,MX,1617257961
hay river,60.8156,-115.7999,32.0,86,100,6.91,CA,1617257968
coihaique,-45.5752,-72.0662,53.6,71,90,4.61,CL,1617257969
thiadiaye,14.4205,-16.7056,64.4,88,0,19.57,SN,1617257969
nador,35.174,-2.9287,60.8,94,90,1.95,MA,1617257970
dovolnoye,54.4958,79.6671,22.17,85,29,12.3,RU,1617257971
san carlos del zulia,9.0,-71.9135,74.52,92,96,4.34,VE,1617257971
buala,-8.145,159.5921,82.96,75,96,3.51,SB,1617257971
ankeny,41.7297,-93.6058,28.0,63,1,4.61,US,1617257972
touros,-5.1989,-35.4608,75.2,94,40,3.44,BR,1617257973
rocha,-34.4833,-54.3333,59.72,73,89,1.5,UY,1617257726
santa cruz,-17.8,-63.1667,75.2,69,75,5.75,BO,1617257703
strezhevoy,60.7333,77.5889,33.8,60,90,13.42,RU,1617257973
galesburg,40.9478,-90.3712,28.99,68,1,5.75,US,1617257974
zhaozhou,45.6833,125.3167,59.29,22,99,6.24,CN,1617257974
dzilam gonzalez,21.2833,-88.9333,74.16,73,100,4.07,MX,1617257975
kaitangata,-46.2817,169.8464,60.01,72,83,3.0,NZ,1617257975
ituverava,-20.3394,-47.7806,69.8,78,0,3.2,BR,1617257976
xining,36.6167,101.7667,38.35,66,100,12.08,CN,1617257976
iskateley,67.6803,53.1512,30.61,94,100,6.6,RU,1617257977
merrill,45.1805,-89.6835,18.0,67,1,7.45,US,1617257977
lerwick,60.1545,-1.1494,37.4,65,75,3.44,GB,1617257978
northam,51.0333,-4.2167,51.01,89,100,4.0,GB,1617257978
butterworth,5.3991,100.3638,91.0,66,40,6.91,MY,1617257979
pangody,65.85,74.4859,15.39,93,100,22.41,RU,1617257980
san jose,37.3394,-121.895,64.4,29,1,1.39,US,1617257981
alugan,12.2188,125.4808,82.67,66,100,11.07,PH,1617257981
husavik,66.0449,-17.3389,44.6,57,90,11.5,IS,1617257982
dois corregos,-22.3661,-48.3803,62.01,85,3,5.01,BR,1617257982
conselheiro pena,-19.1722,-41.4722,69.98,92,13,0.54,BR,1617257982
zyryanovsk,49.7386,84.2719,25.36,84,41,1.19,KZ,1617257983
sanjwal,33.7608,72.4336,74.79,15,0,21.12,PK,1617257984
hue,16.4667,107.6,91.4,70,20,6.91,VN,1617257984
viedma,-40.8135,-62.9967,57.09,92,5,2.48,AR,1617257985
richards bay,-28.783,32.0377,72.99,80,93,5.84,ZA,1617257985
porbandar,21.6422,69.6093,91.4,52,0,11.5,IN,1617257986
kiunga,-6.1219,141.2906,89.69,50,94,2.89,PG,1617257986
san jeronimo,-11.9472,-75.2829,48.94,89,92,2.3,PE,1617257987
kendal,54.3268,-2.7476,45.0,90,71,5.99,GB,1617257987
ushtobe,45.2514,77.9838,44.44,54,96,9.01,KZ,1617257987
cururupu,-1.8283,-44.8683,73.27,97,100,0.96,BR,1617257988
tuatapere,-46.1333,167.6833,55.99,79,100,1.99,NZ,1617257988
havre-saint-pierre,50.2334,-63.5986,33.8,93,75,18.41,CA,1617257989
guilin,25.2819,110.2864,82.4,65,75,4.47,CN,1617257990
galle,6.0367,80.217,85.37,70,63,12.68,LK,1617257990
kot addu,30.4692,70.9671,87.8,14,0,6.91,PK,1617257991
hambantota,6.1241,81.1185,89.6,70,20,14.97,LK,1617257991
fairbanks,64.8378,-147.7164,17.6,79,90,17.27,US,1617257992
pisco,-13.7,-76.2167,68.0,77,60,4.94,PE,1617257992
najran,17.4924,44.1277,78.8,17,0,6.91,SA,1617257993
sibu,2.3,111.8167,91.4,58,40,6.91,MY,1617257993
altus,34.6381,-99.334,44.6,49,1,6.42,US,1617257993
poli,-3.3333,36.8,61.56,92,100,3.6,TZ,1617257994
laguna,38.421,-121.4238,60.01,58,1,2.98,US,1617257995
kavaratti,10.5669,72.642,83.68,68,50,11.18,IN,1617257995
aleppo,36.25,37.5,55.31,60,3,22.44,SY,1617257995
vagur,61.4732,-6.8119,43.11,77,30,22.84,FO,1617257996
kresttsy,58.2452,32.5165,37.63,95,100,6.2,RU,1617257996
lewistown,40.5992,-77.5714,41.0,100,90,14.97,US,1617257997
aguimes,27.9054,-15.4461,64.4,82,20,5.75,ES,1617257997
borgarnes,64.5383,-21.9206,39.0,98,100,11.01,IS,1617257998
kapit,2.0167,112.9333,95.04,39,57,3.47,MY,1617257998
luanda,-8.8368,13.2343,78.8,83,75,6.91,AO,1617257863
starobachaty,54.2425,86.2072,29.37,76,100,8.93,RU,1617257999
aykhal,66.0,111.5,-8.3,85,100,13.62,RU,1617257999
henties bay,-22.116,14.2845,69.28,76,72,6.31,NA,1617258000
kropotkin,45.4375,40.5756,45.18,73,14,15.9,RU,1617258000
tres picos,15.8667,-93.5333,83.05,65,43,1.74,MX,1617258001
muncar,-8.4333,114.3333,85.41,69,13,6.78,ID,1617258001
kerema,-7.9631,145.7785,82.6,70,91,6.87,PG,1617258002
la palma,33.8464,-118.0467,70.0,31,20,4.45,US,1617257979
khandyga,62.6667,135.6,27.01,81,100,4.97,RU,1617258003
kichmengskiy gorodok,59.9816,45.7854,33.3,95,100,7.23,RU,1617258003
manicore,-5.8092,-61.3003,72.61,99,98,0.25,BR,1617258004
santa marta,11.2408,-74.199,82.0,69,73,15.99,CO,1617258004
maracaju,-21.6144,-55.1683,63.99,69,78,3.83,BR,1617258005
diamantino,-14.4086,-56.4461,72.3,75,40,2.19,BR,1617258005
narrabri,-30.3167,149.7833,80.6,34,0,12.66,AU,1617258006
swan river,52.1058,-101.2676,32.0,55,71,5.75,CA,1617258006
bafq,31.6128,55.4107,70.97,11,6,2.71,IR,1617258007
akdepe,42.0551,59.3788,46.4,39,0,18.41,TM,1617258007
klaksvik,62.2266,-6.589,42.8,81,75,18.41,FO,1617258008
maningrida,-12.0667,134.2667,83.97,74,92,11.32,AU,1617258008
santa isabel,-23.3156,-46.2214,57.2,100,0,2.3,BR,1617257950
salitral,-4.8572,-80.6811,75.49,63,47,6.93,PE,1617258009
mandali,33.7499,45.5541,76.48,29,80,3.4,IQ,1617258009
ucluelet,48.9329,-125.5528,45.0,85,100,5.59,CA,1617258010
timra,62.487,17.3257,39.0,86,9,2.3,SE,1617258010
rudsar,37.1376,50.288,59.0,76,75,2.3,IR,1617258011
correntina,-13.3433,-44.6367,75.9,54,93,1.03,BR,1617258011
saint-joseph,-21.3667,55.6167,78.8,73,75,10.36,RE,1617258012
turka,49.1541,23.0297,48.99,84,98,4.68,UA,1617258013
oshawa,43.9001,-78.8496,34.0,60,90,9.22,CA,1617257961
manzanillo,20.3433,-77.1167,74.79,74,34,7.43,CU,1617258014
inhambane,-23.865,35.3833,73.4,78,20,5.5,MZ,1617258014
gizo,-8.103,156.8419,84.38,68,58,2.77,SB,1617258014
tevaitoa,-16.7833,-151.5,82.56,69,100,5.17,PF,1617258015
ambanja,-13.6833,48.45,82.87,71,90,1.41,MG,1617257964
uusikaupunki,60.8004,21.4084,33.8,86,0,6.91,FI,1617258016
gat,31.61,34.7642,61.0,4,13,3.0,IL,1617258016
sept-iles,50.2001,-66.3821,36.0,93,90,3.44,CA,1617258017
merritt,50.1123,-120.7942,50.0,57,1,17.27,CA,1617258017
yeppoon,-23.1333,150.7333,80.6,47,40,10.36,AU,1617258018
severo-kurilsk,50.6789,156.125,37.26,98,100,22.82,RU,1617258018
boulder,40.0833,-105.3505,35.6,48,1,3.44,US,1617257944
omsukchan,62.5333,155.8,14.11,82,100,4.45,RU,1617258019
tadine,-21.55,167.8833,75.09,86,100,19.1,NC,1617258020
krasnyy chikoy,50.3643,108.7512,36.21,49,100,8.03,RU,1617258020
saint-francois,46.4154,3.9054,44.01,87,0,2.3,FR,1617258020
hull,53.7446,-0.3353,44.6,87,90,11.5,GB,1617257956
